id;username;password
1;ill;sternly phew display
2;till;aha geez
3;yahoo;how yetX
4;for in;feminize
5;indeed fooey;triumphantly
6;ownership whoa;excepting proliferate weakly
7;faithfully brightly;whoa happily
8;flashy;adjudge fooey
9;what meaningfully gah;likewise minus
10;pace wing cheerfully;gift ha uh-huh
11;ew drag;second-hand disposer while
12;generously replacement;another upright to
13;phooey;unabashedly behest hidden
14;beside sometimes;hm yearly hence
15;wrathful granny;hippodrome hasty custom
16;sonata merit rejigger;lieu terribly huddle
17;unless;uh-huhXX
18;small astride lively;despiteX
19;upon;diligently
20;preregister generously word;knowledgeably carefree
21;harvest woot stable;ugh step eek
22;what;gratefully
23;which oblong sheepishly;after bid oh
24;lest fork dirty;untilXXX
25;about innovate;happy gadzooks
26;punctually um more;fooey galoshes
27;attraction peninsula;however as
28;availability;wedge curiously
29;apud;briskly frilly
30;aftermath velvety ouch;punctually
